Length,Charge,Hydrophobicity,Molecular_Weight,Number_of_Cysteines,Number_of_Disulfide_Bridges,Isoelectric_Point,Helix,Turn,Sheet,Flexibility,A,C,D,E,F,G,H,I,K,L,M,N,P,Q,R,S,T,V,W,Y
48,8,27,5089.1146,0,0,11.0,24.0,8.0,5.0,0.5,8.333333333333332,0.0,0.0,0.0,8.333333333333332,8.333333333333332,0.0,8.333333333333332,12.5,4.166666666666666,0.0,2.083333333333333,8.333333333333332,0.0,4.166666666666666,8.333333333333332,6.25,18.75,0.0,2.083333333333333
50,3,16,5840.5387,0,0,7.997368421052631,16.0,4.0,4.0,0.32,4.0,0.0,6.0,10.0,4.0,4.0,2.0,4.0,12.0,10.0,2.0,6.0,4.0,2.0,8.0,10.0,4.0,4.0,0.0,4.0
34,5,11,3756.2762000000002,2,1,8.245454545454546,10.0,5.0,2.0,0.29411764705882354,5.88235294117647,5.88235294117647,8.823529411764707,0.0,2.941176470588235,8.823529411764707,5.88235294117647,2.941176470588235,11.76470588235294,8.823529411764707,0.0,2.941176470588235,5.88235294117647,2.941176470588235,5.88235294117647,5.88235294117647,5.88235294117647,5.88235294117647,0.0,2.941176470588235
26,5,11,3049.5753,0,0,8.892857142857142,11.0,1.0,0.0,0.4230769230769231,7.6923076923076925,0.0,0.0,3.8461538461538463,0.0,3.8461538461538463,7.6923076923076925,3.8461538461538463,7.6923076923076925,23.076923076923077,0.0,0.0,0.0,23.076923076923077,7.6923076923076925,0.0,3.8461538461538463,7.6923076923076925,0.0,0.0
15,6,8,1828.3765000000003,0,0,10.5,8.0,1.0,2.0,0.5333333333333333,0.0,0.0,0.0,0.0,6.666666666666667,6.666666666666667,0.0,6.666666666666667,40.0,20.0,0.0,0.0,0.0,0.0,0.0,0.0,0.0,13.333333333333334,6.666666666666667,0.0
38,1,8,4153.3846,0,0,8.472727272727273,9.0,5.0,1.0,0.23684210526315788,10.526315789473683,0.0,7.894736842105263,5.263157894736842,0.0,13.157894736842104,0.0,0.0,2.631578947368421,7.894736842105263,2.631578947368421,5.263157894736842,0.0,13.157894736842104,13.157894736842104,10.526315789473683,5.263157894736842,0.0,0.0,2.631578947368421
6,-1,1,663.6745999999999,0,0,4.25,1.0,0.0,0.0,0.16666666666666666,0.0,0.0,0.0,16.666666666666664,0.0,0.0,0.0,0.0,0.0,16.666666666666664,0.0,0.0,0.0,16.666666666666664,0.0,33.33333333333333,16.666666666666664,0.0,0.0,0.0
15,5,9,1771.2821,0,0,10.5,9.0,1.0,2.0,0.6,6.666666666666667,0.0,0.0,0.0,6.666666666666667,6.666666666666667,0.0,6.666666666666667,33.33333333333333,20.0,0.0,0.0,0.0,0.0,0.0,0.0,0.0,13.333333333333334,6.666666666666667,0.0
16,1,6,1667.9902,1,0,8.966666666666667,6.0,4.0,1.0,0.375,0.0,6.25,6.25,0.0,6.25,25.0,0.0,6.25,6.25,18.75,6.25,0.0,0.0,0.0,6.25,6.25,6.25,0.0,0.0,0.0
45,5,19,5015.7499,0,0,8.919230769230769,18.0,6.0,3.0,0.4,11.11111111111111,0.0,6.666666666666667,2.2222222222222223,2.2222222222222223,6.666666666666667,2.2222222222222223,2.2222222222222223,6.666666666666667,15.555555555555555,2.2222222222222223,0.0,6.666666666666667,2.2222222222222223,11.11111111111111,6.666666666666667,8.88888888888889,2.2222222222222223,0.0,4.444444444444445
9,2,3,1173.3198,0,0,8.25,3.0,1.0,2.0,0.3333333333333333,0.0,0.0,0.0,0.0,0.0,0.0,11.11111111111111,11.11111111111111,11.11111111111111,0.0,0.0,0.0,11.11111111111111,11.11111111111111,0.0,0.0,22.22222222222222,0.0,11.11111111111111,11.11111111111111
14,3,5,1434.6029999999998,0,0,10.333333333333334,4.0,4.0,0.0,0.2857142857142857,7.142857142857142,0.0,0.0,0.0,0.0,21.428571428571427,7.142857142857142,0.0,0.0,14.285714285714285,0.0,0.0,7.142857142857142,7.142857142857142,14.285714285714285,14.285714285714285,0.0,7.142857142857142,0.0,0.0
17,8,8,2177.7200000000003,0,0,9.9375,8.0,0.0,4.0,0.47058823529411764,5.88235294117647,0.0,0.0,0.0,17.647058823529413,0.0,5.88235294117647,5.88235294117647,41.17647058823529,11.76470588235294,0.0,0.0,0.0,0.0,0.0,5.88235294117647,0.0,0.0,5.88235294117647,0.0
11,0,5,1186.3980999999999,0,0,7.375,5.0,1.0,0.0,0.45454545454545453,0.0,0.0,0.0,9.090909090909092,0.0,9.090909090909092,0.0,9.090909090909092,9.090909090909092,18.181818181818183,0.0,0.0,0.0,9.090909090909092,0.0,9.090909090909092,9.090909090909092,18.181818181818183,0.0,0.0
24,1,8,2586.8289,1,0,6.916666666666667,8.0,3.0,3.0,0.3333333333333333,4.166666666666666,4.166666666666666,0.0,4.166666666666666,8.333333333333332,8.333333333333332,4.166666666666666,8.333333333333332,4.166666666666666,4.166666666666666,0.0,12.5,4.166666666666666,0.0,0.0,16.666666666666664,8.333333333333332,4.166666666666666,0.0,4.166666666666666
32,1,14,3972.5662,2,1,7.327777777777778,14.0,5.0,8.0,0.4375,3.125,6.25,9.375,3.125,9.375,3.125,3.125,9.375,9.375,3.125,3.125,3.125,12.5,0.0,3.125,0.0,3.125,0.0,3.125,12.5
26,1,10,2773.0887999999995,0,0,7.6499999999999995,7.0,7.0,0.0,0.2692307692307692,3.8461538461538463,0.0,7.6923076923076925,3.8461538461538463,0.0,15.384615384615385,3.8461538461538463,3.8461538461538463,3.8461538461538463,11.538461538461538,3.8461538461538463,3.8461538461538463,11.538461538461538,7.6923076923076925,7.6923076923076925,7.6923076923076925,0.0,3.8461538461538463,0.0,0.0
26,2,10,2736.9507,0,0,7.191666666666666,5.0,9.0,1.0,0.19230769230769232,7.6923076923076925,0.0,3.8461538461538463,3.8461538461538463,3.8461538461538463,15.384615384615385,7.6923076923076925,7.6923076923076925,3.8461538461538463,0.0,0.0,3.8461538461538463,19.230769230769234,11.538461538461538,3.8461538461538463,3.8461538461538463,3.8461538461538463,0.0,0.0,0.0
18,4,8,1887.3129,0,0,10.5,8.0,3.0,1.0,0.4444444444444444,5.555555555555555,0.0,0.0,0.0,5.555555555555555,16.666666666666664,0.0,11.11111111111111,22.22222222222222,22.22222222222222,0.0,5.555555555555555,0.0,0.0,0.0,11.11111111111111,0.0,0.0,0.0,0.0
27,-4,10,2937.2371,2,1,5.116666666666666,8.0,2.0,0.0,0.2962962962962963,7.4074074074074066,7.4074074074074066,11.11111111111111,7.4074074074074066,0.0,0.0,0.0,11.11111111111111,3.7037037037037033,7.4074074074074066,3.7037037037037033,3.7037037037037033,7.4074074074074066,11.11111111111111,0.0,14.814814814814813,3.7037037037037033,0.0,0.0,0.0
25,-2,11,2821.1434999999997,0,0,6.43,11.0,0.0,0.0,0.44,16.0,0.0,8.0,16.0,0.0,0.0,4.0,8.0,8.0,20.0,0.0,0.0,0.0,8.0,4.0,8.0,0.0,0.0,0.0,0.0
44,-2,12,5052.6002,0,0,7.01,9.0,4.0,1.0,0.20454545454545456,4.545454545454546,0.0,6.8181818181818175,18.181818181818183,2.272727272727273,2.272727272727273,0.0,4.545454545454546,20.454545454545457,4.545454545454546,4.545454545454546,2.272727272727273,6.8181818181818175,6.8181818181818175,0.0,9.090909090909092,6.8181818181818175,0.0,0.0,0.0
28,-1,7,3157.46,1,0,7.064285714285715,8.0,1.0,3.0,0.2857142857142857,0.0,3.571428571428571,10.714285714285714,3.571428571428571,7.142857142857142,3.571428571428571,0.0,0.0,7.142857142857142,14.285714285714285,0.0,0.0,0.0,3.571428571428571,3.571428571428571,14.285714285714285,21.428571428571427,3.571428571428571,0.0,3.571428571428571
40,-3,15,4234.6341,2,1,6.507142857142857,16.0,5.0,3.0,0.4,10.0,5.0,5.0,7.5,2.5,10.0,0.0,7.5,0.0,7.5,0.0,5.0,2.5,5.0,5.0,12.5,2.5,7.5,0.0,5.0
32,0,10,3655.0982000000004,1,0,7.304166666666667,8.0,4.0,1.0,0.25,3.125,3.125,3.125,15.625,3.125,6.25,3.125,6.25,9.375,12.5,0.0,0.0,6.25,6.25,6.25,6.25,9.375,0.0,0.0,0.0
44,2,27,4914.807699999999,0,0,9.025,20.0,11.0,4.0,0.45454545454545453,4.545454545454546,0.0,2.272727272727273,2.272727272727273,4.545454545454546,4.545454545454546,0.0,6.8181818181818175,4.545454545454546,9.090909090909092,2.272727272727273,0.0,20.454545454545457,11.363636363636363,4.545454545454546,4.545454545454546,0.0,13.636363636363635,0.0,4.545454545454546
30,8,12,3557.2246999999998,0,0,10.190000000000001,13.0,1.0,2.0,0.43333333333333335,10.0,0.0,3.3333333333333335,0.0,3.3333333333333335,3.3333333333333335,3.3333333333333335,0.0,13.333333333333334,20.0,3.3333333333333335,0.0,0.0,10.0,13.333333333333334,6.666666666666667,3.3333333333333335,3.3333333333333335,0.0,3.3333333333333335
20,-1,11,2276.5861,0,0,5.779999999999999,9.0,2.0,1.0,0.45,5.0,0.0,5.0,10.0,5.0,0.0,5.0,10.0,5.0,15.0,0.0,10.0,10.0,5.0,0.0,5.0,0.0,10.0,0.0,0.0
11,-1,9,1212.4797999999998,1,0,3.9,8.0,1.0,2.0,0.7272727272727273,18.181818181818183,9.090909090909092,9.090909090909092,0.0,18.181818181818183,0.0,0.0,0.0,0.0,9.090909090909092,9.090909090909092,0.0,9.090909090909092,0.0,0.0,0.0,0.0,18.181818181818183,0.0,0.0
18,4,4,2219.7234,6,3,12.0,6.0,2.0,4.0,0.3333333333333333,0.0,33.33333333333333,0.0,0.0,5.555555555555555,11.11111111111111,0.0,5.555555555555555,5.555555555555555,0.0,0.0,0.0,0.0,0.0,16.666666666666664,0.0,0.0,5.555555555555555,5.555555555555555,11.11111111111111
25,6,9,2718.2021,0,0,9.15625,9.0,5.0,3.0,0.36,4.0,0.0,0.0,4.0,12.0,20.0,4.0,8.0,24.0,8.0,0.0,8.0,0.0,0.0,0.0,4.0,0.0,4.0,0.0,0.0
11,0,7,1223.4165,0,0,7.2,6.0,1.0,2.0,0.5454545454545454,9.090909090909092,0.0,9.090909090909092,0.0,18.181818181818183,0.0,0.0,9.090909090909092,9.090909090909092,9.090909090909092,0.0,0.0,9.090909090909092,0.0,0.0,18.181818181818183,0.0,9.090909090909092,0.0,0.0
31,1,11,3349.7273,1,0,8.33,10.0,4.0,2.0,0.3225806451612903,6.451612903225806,3.225806451612903,3.225806451612903,3.225806451612903,3.225806451612903,9.67741935483871,0.0,0.0,6.451612903225806,12.903225806451612,0.0,3.225806451612903,3.225806451612903,12.903225806451612,3.225806451612903,12.903225806451612,6.451612903225806,6.451612903225806,3.225806451612903,0.0
39,-2,19,4227.7707,0,0,6.825,19.0,4.0,3.0,0.48717948717948717,12.82051282051282,0.0,7.6923076923076925,2.564102564102564,2.564102564102564,7.6923076923076925,0.0,2.564102564102564,0.0,20.51282051282051,5.128205128205128,2.564102564102564,2.564102564102564,5.128205128205128,5.128205128205128,10.256410256410255,7.6923076923076925,0.0,2.564102564102564,2.564102564102564
15,-2,6,1769.9479999999999,0,0,4.6,6.0,1.0,1.0,0.4,0.0,0.0,6.666666666666667,13.333333333333334,6.666666666666667,6.666666666666667,6.666666666666667,6.666666666666667,0.0,26.666666666666668,0.0,0.0,0.0,20.0,0.0,6.666666666666667,0.0,0.0,0.0,0.0
37,-3,18,3540.7967,0,0,5.220000000000001,10.0,12.0,0.0,0.2702702702702703,10.81081081081081,0.0,10.81081081081081,0.0,0.0,10.81081081081081,0.0,2.7027027027027026,2.7027027027027026,2.7027027027027026,0.0,2.7027027027027026,21.62162162162162,5.405405405405405,0.0,10.81081081081081,8.108108108108109,10.81081081081081,0.0,0.0
20,2,10,2185.565,0,0,9.4375,10.0,2.0,1.0,0.5,15.0,0.0,0.0,5.0,0.0,5.0,0.0,5.0,10.0,15.0,0.0,0.0,5.0,10.0,5.0,5.0,5.0,10.0,0.0,5.0
17,5,7,1816.3262,2,1,10.9,7.0,2.0,0.0,0.4117647058823529,5.88235294117647,11.76470588235294,0.0,0.0,0.0,11.76470588235294,0.0,0.0,23.52941176470588,17.647058823529413,0.0,0.0,0.0,0.0,5.88235294117647,0.0,5.88235294117647,17.647058823529413,0.0,0.0
37,1,13,4419.9542,0,0,8.484615384615385,11.0,4.0,2.0,0.2972972972972973,2.7027027027027026,0.0,5.405405405405405,10.81081081081081,0.0,2.7027027027027026,0.0,2.7027027027027026,2.7027027027027026,10.81081081081081,5.405405405405405,2.7027027027027026,8.108108108108109,2.7027027027027026,16.216216216216218,10.81081081081081,8.108108108108109,2.7027027027027026,2.7027027027027026,2.7027027027027026
32,3,12,3508.9799000000003,0,0,9.757142857142856,13.0,3.0,2.0,0.40625,9.375,0.0,6.25,0.0,3.125,9.375,0.0,6.25,3.125,12.5,0.0,0.0,0.0,6.25,12.5,6.25,15.625,6.25,0.0,3.125
15,6,8,1786.2968,0,0,10.5,8.0,1.0,2.0,0.5333333333333333,6.666666666666667,0.0,0.0,0.0,6.666666666666667,6.666666666666667,0.0,6.666666666666667,40.0,13.333333333333334,0.0,0.0,0.0,0.0,0.0,0.0,0.0,13.333333333333334,6.666666666666667,0.0
34,8,13,4248.7946,0,0,8.762500000000001,12.0,1.0,5.0,0.35294117647058826,5.88235294117647,0.0,2.941176470588235,2.941176470588235,14.705882352941178,0.0,11.76470588235294,5.88235294117647,2.941176470588235,0.0,8.823529411764707,11.76470588235294,2.941176470588235,0.0,14.705882352941178,5.88235294117647,8.823529411764707,0.0,0.0,0.0
16,1,6,1825.0747999999999,1,0,8.73,4.0,2.0,1.0,0.25,6.25,6.25,6.25,6.25,6.25,0.0,0.0,0.0,6.25,0.0,6.25,0.0,12.5,0.0,12.5,12.5,12.5,6.25,0.0,0.0
47,-5,13,5663.0572999999995,2,1,6.930000000000001,12.0,3.0,4.0,0.2553191489361702,2.127659574468085,4.25531914893617,6.382978723404255,14.893617021276595,4.25531914893617,0.0,0.0,6.382978723404255,0.0,4.25531914893617,0.0,8.51063829787234,6.382978723404255,10.638297872340425,10.638297872340425,6.382978723404255,6.382978723404255,4.25531914893617,0.0,4.25531914893617
30,-3,16,3438.8985000000002,0,0,6.477777777777778,11.0,5.0,2.0,0.36666666666666664,6.666666666666667,0.0,6.666666666666667,13.333333333333334,3.3333333333333335,0.0,0.0,3.3333333333333335,6.666666666666667,13.333333333333334,3.3333333333333335,0.0,16.666666666666664,3.3333333333333335,3.3333333333333335,6.666666666666667,6.666666666666667,3.3333333333333335,3.3333333333333335,0.0
38,-4,20,3710.9627,0,0,5.6375,12.0,10.0,0.0,0.3157894736842105,18.421052631578945,0.0,10.526315789473683,5.263157894736842,0.0,5.263157894736842,0.0,2.631578947368421,5.263157894736842,2.631578947368421,0.0,5.263157894736842,21.052631578947366,2.631578947368421,0.0,10.526315789473683,2.631578947368421,7.894736842105263,0.0,0.0
22,-3,7,2513.7553,2,1,6.221428571428571,7.0,0.0,1.0,0.3181818181818182,4.545454545454546,9.090909090909092,9.090909090909092,13.636363636363635,4.545454545454546,0.0,0.0,4.545454545454546,4.545454545454546,9.090909090909092,0.0,9.090909090909092,0.0,4.545454545454546,4.545454545454546,9.090909090909092,4.545454545454546,9.090909090909092,0.0,0.0
33,-1,18,3733.3734999999997,0,0,6.995454545454546,16.0,4.0,3.0,0.48484848484848486,9.090909090909092,0.0,9.090909090909092,9.090909090909092,6.0606060606060606,3.0303030303030303,0.0,9.090909090909092,15.151515151515152,6.0606060606060606,3.0303030303030303,0.0,9.090909090909092,3.0303030303030303,0.0,0.0,3.0303030303030303,12.121212121212121,0.0,3.0303030303030303
37,-5,20,3875.2499,0,0,5.45,13.0,8.0,0.0,0.35135135135135137,13.513513513513514,0.0,8.108108108108109,13.513513513513514,0.0,2.7027027027027026,2.7027027027027026,0.0,5.405405405405405,8.108108108108109,0.0,0.0,18.91891891891892,5.405405405405405,0.0,2.7027027027027026,5.405405405405405,13.513513513513514,0.0,0.0
6,0,3,749.7701,0,0,4.95,3.0,0.0,2.0,0.5,16.666666666666664,0.0,16.666666666666664,0.0,33.33333333333333,0.0,16.666666666666664,0.0,0.0,0.0,0.0,16.666666666666664,0.0,0.0,0.0,0.0,0.0,0.0,0.0,0.0
23,11,11,2892.6317999999997,0,0,11.590909090909092,11.0,1.0,2.0,0.4782608695652174,8.695652173913043,0.0,0.0,0.0,4.3478260869565215,4.3478260869565215,0.0,13.043478260869565,21.73913043478261,8.695652173913043,0.0,0.0,0.0,0.0,26.08695652173913,0.0,0.0,8.695652173913043,4.3478260869565215,0.0
46,8,13,5674.4613,0,0,7.492857142857143,13.0,0.0,0.0,0.2826086956521739,6.521739130434782,0.0,4.3478260869565215,17.391304347826086,0.0,0.0,13.043478260869565,8.695652173913043,19.565217391304348,8.695652173913043,2.1739130434782608,0.0,0.0,8.695652173913043,6.521739130434782,2.1739130434782608,0.0,2.1739130434782608,0.0,0.0
18,5,4,2153.6704,6,3,12.5,5.0,2.0,2.0,0.2777777777777778,0.0,33.33333333333333,0.0,0.0,5.555555555555555,11.11111111111111,0.0,0.0,0.0,5.555555555555555,0.0,0.0,0.0,0.0,27.77777777777778,0.0,0.0,11.11111111111111,0.0,5.555555555555555
28,-15,8,3280.2585,0,0,4.742105263157894,7.0,1.0,0.0,0.25,7.142857142857142,0.0,32.142857142857146,28.57142857142857,0.0,0.0,0.0,0.0,7.142857142857142,10.714285714285714,3.571428571428571,0.0,3.571428571428571,3.571428571428571,0.0,0.0,0.0,3.571428571428571,0.0,0.0
8,1,6,851.9483,0,0,6.0,5.0,1.0,1.0,0.625,37.5,0.0,0.0,0.0,0.0,0.0,12.5,0.0,0.0,12.5,0.0,0.0,12.5,0.0,0.0,12.5,0.0,0.0,12.5,0.0
31,5,9,3406.8381,2,1,11.271428571428572,9.0,6.0,3.0,0.2903225806451613,6.451612903225806,6.451612903225806,3.225806451612903,0.0,6.451612903225806,16.129032258064516,0.0,3.225806451612903,0.0,6.451612903225806,3.225806451612903,3.225806451612903,3.225806451612903,3.225806451612903,19.35483870967742,16.129032258064516,0.0,0.0,0.0,3.225806451612903
32,1,20,3237.8736,2,1,12.5,19.0,5.0,3.0,0.59375,15.625,6.25,0.0,0.0,6.25,9.375,0.0,6.25,0.0,15.625,0.0,0.0,6.25,3.125,3.125,9.375,3.125,12.5,0.0,3.125
6,-2,3,788.8444,0,0,4.075,3.0,0.0,1.0,0.5,0.0,0.0,16.666666666666664,16.666666666666664,0.0,0.0,0.0,16.666666666666664,0.0,0.0,0.0,0.0,0.0,16.666666666666664,0.0,0.0,0.0,16.666666666666664,16.666666666666664,0.0
8,1,4,928.1272000000001,0,0,8.416666666666666,4.0,0.0,0.0,0.5,12.5,0.0,0.0,12.5,0.0,0.0,0.0,12.5,25.0,25.0,0.0,12.5,0.0,0.0,0.0,0.0,0.0,0.0,0.0,0.0
26,13,13,3598.3691,0,0,12.5,13.0,0.0,3.0,0.5,0.0,0.0,0.0,0.0,0.0,0.0,0.0,0.0,0.0,0.0,0.0,0.0,0.0,0.0,50.0,0.0,0.0,38.46153846153847,11.538461538461538,0.0
31,1,13,3368.8134,1,0,7.144444444444444,10.0,8.0,3.0,0.3225806451612903,6.451612903225806,3.225806451612903,6.451612903225806,6.451612903225806,3.225806451612903,12.903225806451612,3.225806451612903,6.451612903225806,12.903225806451612,6.451612903225806,0.0,3.225806451612903,12.903225806451612,0.0,0.0,3.225806451612903,3.225806451612903,3.225806451612903,3.225806451612903,3.225806451612903
14,-2,7,1324.3930999999998,0,0,4.25,4.0,5.0,0.0,0.2857142857142857,14.285714285714285,0.0,0.0,14.285714285714285,0.0,14.285714285714285,0.0,0.0,0.0,0.0,0.0,0.0,21.428571428571427,7.142857142857142,0.0,14.285714285714285,0.0,14.285714285714285,0.0,0.0
42,2,16,5070.7669,3,1,8.325000000000001,14.0,5.0,5.0,0.3333333333333333,4.761904761904762,7.142857142857142,2.380952380952381,9.523809523809524,4.761904761904762,2.380952380952381,2.380952380952381,4.761904761904762,2.380952380952381,7.142857142857142,2.380952380952381,0.0,9.523809523809524,9.523809523809524,11.904761904761903,7.142857142857142,2.380952380952381,2.380952380952381,2.380952380952381,4.761904761904762
30,2,18,3558.2367999999997,0,0,9.4375,20.0,1.0,7.0,0.6666666666666666,10.0,0.0,0.0,3.3333333333333335,16.666666666666664,3.3333333333333335,0.0,13.333333333333334,6.666666666666667,3.3333333333333335,3.3333333333333335,0.0,0.0,10.0,3.3333333333333335,3.3333333333333335,3.3333333333333335,13.333333333333334,0.0,6.666666666666667
24,2,9,2664.0008,1,0,8.3125,9.0,2.0,2.0,0.375,4.166666666666666,4.166666666666666,0.0,4.166666666666666,4.166666666666666,4.166666666666666,4.166666666666666,8.333333333333332,4.166666666666666,8.333333333333332,0.0,12.5,4.166666666666666,0.0,4.166666666666666,12.5,8.333333333333332,8.333333333333332,0.0,4.166666666666666
13,1,5,1434.5976999999998,0,0,12.5,5.0,4.0,2.0,0.38461538461538464,0.0,0.0,0.0,0.0,7.6923076923076925,23.076923076923077,0.0,0.0,0.0,15.384615384615385,0.0,15.384615384615385,7.6923076923076925,7.6923076923076925,7.6923076923076925,0.0,0.0,7.6923076923076925,0.0,7.6923076923076925
12,0,6,1199.3339999999998,0,0,7.0,3.0,4.0,0.0,0.25,8.333333333333332,0.0,0.0,0.0,0.0,8.333333333333332,0.0,0.0,0.0,0.0,8.333333333333332,0.0,25.0,16.666666666666664,0.0,16.666666666666664,8.333333333333332,8.333333333333332,0.0,0.0
20,-2,7,2342.5963,0,0,6.2749999999999995,9.0,0.0,2.0,0.45,5.0,0.0,5.0,15.0,0.0,0.0,0.0,10.0,10.0,10.0,0.0,0.0,0.0,10.0,0.0,15.0,0.0,10.0,0.0,10.0
12,2,1,1124.1647,0,0,11.5,1.0,5.0,1.0,0.08333333333333333,0.0,0.0,0.0,0.0,8.333333333333332,41.66666666666667,0.0,0.0,8.333333333333332,0.0,0.0,8.333333333333332,0.0,0.0,8.333333333333332,16.666666666666664,8.333333333333332,0.0,0.0,0.0
10,1,4,1106.1925999999999,0,0,12.5,1.0,4.0,0.0,0.1,10.0,0.0,0.0,0.0,0.0,10.0,0.0,0.0,0.0,0.0,0.0,0.0,30.0,40.0,10.0,0.0,0.0,0.0,0.0,0.0
15,7,8,1963.4685,0,0,11.928571428571429,8.0,0.0,1.0,0.5333333333333333,0.0,0.0,0.0,0.0,0.0,0.0,0.0,0.0,13.333333333333334,13.333333333333334,0.0,0.0,0.0,0.0,33.33333333333333,0.0,0.0,33.33333333333333,6.666666666666667,0.0
41,-10,9,4442.4083,0,0,4.425,7.0,4.0,0.0,0.17073170731707318,2.4390243902439024,0.0,7.317073170731707,21.951219512195124,0.0,4.878048780487805,4.878048780487805,4.878048780487805,0.0,7.317073170731707,0.0,7.317073170731707,4.878048780487805,4.878048780487805,0.0,19.51219512195122,7.317073170731707,2.4390243902439024,0.0,0.0
22,9,10,2478.1585,0,0,10.5,10.0,3.0,3.0,0.45454545454545453,9.090909090909092,0.0,0.0,0.0,13.636363636363635,13.636363636363635,0.0,9.090909090909092,40.909090909090914,9.090909090909092,0.0,0.0,0.0,0.0,0.0,0.0,0.0,4.545454545454546,0.0,0.0
12,4,7,1583.8819999999998,0,0,9.25,6.0,2.0,2.0,0.5,0.0,0.0,0.0,0.0,0.0,8.333333333333332,16.666666666666664,33.33333333333333,0.0,0.0,0.0,0.0,8.333333333333332,0.0,16.666666666666664,0.0,0.0,0.0,16.666666666666664,0.0
46,-1,17,5014.599,3,1,6.878571428571428,18.0,4.0,6.0,0.391304347826087,8.695652173913043,6.521739130434782,2.1739130434782608,6.521739130434782,8.695652173913043,6.521739130434782,0.0,4.3478260869565215,6.521739130434782,2.1739130434782608,2.1739130434782608,8.695652173913043,2.1739130434782608,4.3478260869565215,0.0,8.695652173913043,8.695652173913043,8.695652173913043,0.0,4.3478260869565215
24,2,8,2685.9633,1,0,8.3125,8.0,2.0,3.0,0.3333333333333333,4.166666666666666,4.166666666666666,0.0,4.166666666666666,8.333333333333332,4.166666666666666,4.166666666666666,8.333333333333332,4.166666666666666,4.166666666666666,0.0,12.5,4.166666666666666,0.0,4.166666666666666,16.666666666666664,8.333333333333332,4.166666666666666,0.0,4.166666666666666
10,-1,2,1215.3104,0,0,6.75,1.0,1.0,0.0,0.1,0.0,0.0,0.0,30.0,0.0,0.0,0.0,0.0,20.0,0.0,0.0,0.0,10.0,20.0,0.0,0.0,10.0,10.0,0.0,0.0
15,7,7,1857.4178000000002,0,0,10.5,7.0,1.0,2.0,0.4666666666666667,0.0,0.0,0.0,0.0,6.666666666666667,6.666666666666667,0.0,6.666666666666667,46.666666666666664,20.0,0.0,0.0,0.0,0.0,0.0,0.0,0.0,6.666666666666667,6.666666666666667,0.0
22,4,12,2362.8755,0,0,10.5,11.0,5.0,3.0,0.5,9.090909090909092,0.0,0.0,0.0,9.090909090909092,18.181818181818183,0.0,4.545454545454546,18.181818181818183,13.636363636363635,4.545454545454546,4.545454545454546,4.545454545454546,0.0,0.0,4.545454545454546,0.0,4.545454545454546,4.545454545454546,0.0
15,6,9,1805.4675000000002,0,0,10.5,9.0,0.0,0.0,0.6,0.0,0.0,0.0,0.0,0.0,0.0,0.0,0.0,40.0,60.0,0.0,0.0,0.0,0.0,0.0,0.0,0.0,0.0,0.0,0.0
14,-1,4,1556.6299999999999,0,0,4.6000000000000005,4.0,0.0,0.0,0.2857142857142857,0.0,0.0,14.285714285714285,0.0,0.0,0.0,7.142857142857142,7.142857142857142,0.0,21.428571428571427,0.0,14.285714285714285,0.0,7.142857142857142,0.0,21.428571428571427,7.142857142857142,0.0,0.0,0.0
41,-2,14,4459.8108,2,1,6.10625,9.0,10.0,4.0,0.21951219512195122,0.0,4.878048780487805,9.75609756097561,2.4390243902439024,2.4390243902439024,4.878048780487805,2.4390243902439024,2.4390243902439024,2.4390243902439024,2.4390243902439024,2.4390243902439024,2.4390243902439024,19.51219512195122,2.4390243902439024,2.4390243902439024,19.51219512195122,4.878048780487805,4.878048780487805,0.0,7.317073170731707
17,0,9,1620.7186,0,0,4.95,7.0,3.0,0.0,0.4117647058823529,23.52941176470588,0.0,5.88235294117647,0.0,0.0,5.88235294117647,5.88235294117647,0.0,0.0,0.0,0.0,5.88235294117647,11.76470588235294,5.88235294117647,0.0,11.76470588235294,5.88235294117647,17.647058823529413,0.0,0.0
34,-3,14,3757.0936,0,0,5.36,11.0,7.0,4.0,0.3235294117647059,2.941176470588235,0.0,5.88235294117647,5.88235294117647,2.941176470588235,5.88235294117647,0.0,5.88235294117647,2.941176470588235,5.88235294117647,2.941176470588235,5.88235294117647,14.705882352941178,2.941176470588235,0.0,11.76470588235294,11.76470588235294,2.941176470588235,2.941176470588235,5.88235294117647
6,0,5,658.8284,0,0,7.0,4.0,2.0,1.0,0.6666666666666666,0.0,0.0,0.0,0.0,16.666666666666664,16.666666666666664,0.0,33.33333333333333,0.0,16.666666666666664,0.0,0.0,16.666666666666664,0.0,0.0,0.0,0.0,0.0,0.0,0.0
13,7,6,1737.1932,0,0,11.642857142857142,6.0,0.0,1.0,0.46153846153846156,7.6923076923076925,0.0,0.0,0.0,0.0,0.0,0.0,23.076923076923077,23.076923076923077,7.6923076923076925,0.0,0.0,0.0,0.0,30.76923076923077,0.0,0.0,0.0,7.6923076923076925,0.0
31,1,9,3429.8322000000003,0,0,7.959090909090909,9.0,2.0,0.0,0.2903225806451613,3.225806451612903,0.0,6.451612903225806,9.67741935483871,0.0,6.451612903225806,0.0,3.225806451612903,12.903225806451612,19.35483870967742,0.0,6.451612903225806,0.0,3.225806451612903,6.451612903225806,16.129032258064516,3.225806451612903,3.225806451612903,0.0,0.0
15,5,4,1709.9063999999998,0,0,8.607142857142858,0.0,5.0,0.0,0.0,0.0,0.0,0.0,6.666666666666667,0.0,6.666666666666667,13.333333333333334,0.0,20.0,0.0,0.0,0.0,26.666666666666668,6.666666666666667,6.666666666666667,13.333333333333334,0.0,0.0,0.0,0.0
30,7,15,3600.3036,0,0,10.428571428571429,18.0,1.0,6.0,0.6,10.0,0.0,0.0,0.0,6.666666666666667,3.3333333333333335,3.3333333333333335,3.3333333333333335,13.333333333333334,20.0,0.0,3.3333333333333335,0.0,0.0,6.666666666666667,6.666666666666667,3.3333333333333335,6.666666666666667,3.3333333333333335,10.0
36,9,18,4390.3795,2,1,10.88888888888889,18.0,2.0,6.0,0.5,2.7777777777777777,5.555555555555555,0.0,0.0,11.11111111111111,0.0,2.7777777777777777,11.11111111111111,11.11111111111111,13.88888888888889,2.7777777777777777,2.7777777777777777,5.555555555555555,0.0,11.11111111111111,11.11111111111111,0.0,2.7777777777777777,0.0,5.555555555555555
11,5,6,1405.8548,0,0,10.5,6.0,0.0,2.0,0.5454545454545454,0.0,0.0,0.0,0.0,18.181818181818183,0.0,0.0,9.090909090909092,45.45454545454545,27.27272727272727,0.0,0.0,0.0,0.0,0.0,0.0,0.0,0.0,0.0,0.0
10,3,5,1117.3012999999999,0,0,7.5,5.0,0.0,0.0,0.5,20.0,0.0,0.0,0.0,0.0,0.0,20.0,10.0,10.0,10.0,0.0,0.0,0.0,10.0,0.0,0.0,10.0,10.0,0.0,0.0
